review,sentiment
This movie was an absolute masterpiece. The acting was flawless and the story kept me on the edge of my seat throughout.,Highly Positive
"One of the best films I have ever seen. The direction, cinematography, and performances were all outstanding.",Highly Positive
A breathtaking cinematic experience. Every scene was crafted with perfection and the ending left me speechless.,Highly Positive
Incredible film! The cast delivered powerful performances and the screenplay was brilliantly written.,Highly Positive
This is a once-in-a-lifetime movie. The emotional depth and visual storytelling are simply unmatched.,Highly Positive
Absolutely loved every minute of it. A true work of art that deserves every award it receives.,Highly Positive
The director has outdone himself. This film is a stunning achievement in modern cinema.,Highly Positive
Phenomenal movie from start to finish. The chemistry between the lead actors was electric and unforgettable.,Highly Positive
A cinematic triumph. The story was deeply moving and the performances were nothing short of extraordinary.,Highly Positive
Best movie of the decade without a doubt. It left the entire audience in tears and standing ovation.,Highly Positive
This film completely changed my perspective on life. Masterfully directed with a powerful message.,Highly Positive
Exceptional storytelling with world class performances. This movie will be remembered for generations.,Highly Positive
An absolutely brilliant film. Every detail was carefully crafted and the result is pure magic on screen.,Highly Positive
One of the most emotionally impactful movies I have ever experienced. A true gem of cinema.,Highly Positive
The screenplay was genius and every actor brought their A-game. This movie deserves a perfect score.,Highly Positive
A flawless film that exceeded all my expectations. Stunning visuals paired with a gripping narrative.,Highly Positive
"This movie made me laugh, cry, and think deeply. A rare cinematic achievement that hits all the right notes.",Highly Positive
Remarkable filmmaking at its finest. The pacing was perfect and the story was deeply compelling.,Highly Positive
An extraordinary film with unforgettable characters and a story that resonates long after the credits roll.,Highly Positive
"Easily one of the greatest films ever made. The direction, score, and performances are all top tier.",Highly Positive
A decent movie overall. There were some enjoyable moments but it did not quite live up to the hype.,Positive
Pretty good film with solid performances. The story was engaging enough to keep me interested throughout.,Positive
I enjoyed this movie. It had some great scenes and the lead actor did a commendable job.,Positive
A good watch for a weekend. Nothing groundbreaking but entertaining and well put together.,Positive
The film had a lot of heart and some genuinely funny moments. Worth watching on a lazy afternoon.,Positive
A pleasant surprise. The story was simple but effective and the performances were mostly strong.,Positive
Good movie with a few flaws. The first half was excellent but the ending felt slightly rushed.,Positive
I liked this film. It was entertaining and kept me engaged even if it was not exceptional.,Positive
A solid movie with likable characters and a feel good story. Recommended for a casual movie night.,Positive
Better than I expected. The pacing was good and the dialogue was sharp and witty.,Positive
A nice film with a warm message. The acting was above average and the direction was competent.,Positive
I had a good time watching this. The plot was predictable but executed well enough to be enjoyable.,Positive
Worth the watch. Some scenes were really well done and the chemistry between characters was believable.,Positive
A fairly enjoyable movie. It had its slow moments but the overall experience was positive.,Positive
Good performances carry this film through its weaker plot points. Still a satisfying watch.,Positive
A fun and entertaining movie that does not take itself too seriously. Exactly what I needed.,Positive
The movie delivered on its promises. A solid story with good technical execution throughout.,Positive
I found it to be a genuinely good film. It had memorable scenes and a touching conclusion.,Positive
A well made film that entertains without trying too hard. A comfortable and enjoyable watch.,Positive
This was a decent experience at the cinema. Not perfect but definitely worth watching once.,Positive
The movie was okay. It had some good parts but also dragged in the middle for too long.,Neutral
An average film that neither impressed nor disappointed me. It was just there on the screen.,Neutral
Nothing special about this movie. It followed every cliche in the book but was watchable.,Neutral
The film was mediocre at best. The story had potential but execution felt flat and uninspired.,Neutral
"A middle of the road movie. Some scenes worked, others did not. Overall a forgettable experience.",Neutral
This movie exists and I watched it. It was not bad but it was not particularly good either.,Neutral
The cast did their best with an average script. The result is a passable but unremarkable film.,Neutral
A by the numbers movie that ticks all the boxes but never rises above the ordinary.,Neutral
I felt nothing special watching this. It was competent filmmaking with no real emotional impact.,Neutral
The movie had its moments but was mostly predictable and safe. It did not take any risks.,Neutral
An okay film to kill two hours. Nothing memorable but not painful to sit through either.,Neutral
The story was too familiar and the characters felt one dimensional. A very average production.,Neutral
This film could have been so much more. The premise was interesting but the execution was bland.,Neutral
"Neither great nor terrible. The movie played it safe and delivered exactly what was expected, nothing more.",Neutral
A forgettable film that I had already half forgotten by the time I reached the parking lot.,Neutral
The movie was standard fare. Predictable storyline with decent but unexceptional performances.,Neutral
Average production with average acting and an average story. It fits neatly into the mediocre category.,Neutral
This film sits comfortably in the middle. Not worth rushing to see but not worth avoiding either.,Neutral
A run of the mill movie that plays it safe throughout. Competent but deeply uninteresting.,Neutral
I watched it and it was fine. That is about all I can say. Fine. Just fine. Nothing more.,Neutral
A disappointing film that failed to deliver on its interesting premise. The story fell apart quickly.,Negative
I did not enjoy this movie. The pacing was terrible and the story made very little sense.,Negative
The acting was wooden and the script was poorly written. A very disappointing cinema experience.,Negative
This movie wasted a talented cast on a weak and confused storyline. Very frustrating to watch.,Negative
Not a good film. The characters were underdeveloped and I stopped caring about them halfway through.,Negative
The plot had more holes than I could count. A sloppy and poorly executed piece of filmmaking.,Negative
I left the cinema feeling deeply unsatisfied. The movie promised a lot and delivered almost nothing.,Negative
A poorly directed film with a script that felt like a first draft. Lots of wasted potential here.,Negative
This movie was a chore to sit through. The story was boring and the characters were annoying.,Negative
Very disappointing. The trailer was more exciting than the actual film which says everything.,Negative
The direction was all over the place and the editing made it hard to follow what was happening.,Negative
I did not connect with any of the characters. The emotional scenes fell flat and felt forced.,Negative
The film overstayed its welcome by at least thirty minutes. Could have been a short film instead.,Negative
A weak entry in an otherwise decent franchise. This installment felt lazy and uninspired.,Negative
The story made no sense and the resolution was unsatisfying. I wish I had chosen a different film.,Negative
Poorly paced and shoddily written. The movie failed to build any real tension or interest.,Negative
I struggled to stay awake during this one. The story was dull and there was no energy on screen.,Negative
The movie had no idea what it wanted to be. The tonal inconsistency ruined any chance of enjoyment.,Negative
A disappointment from a director I usually admire. This film was below his usual standard.,Negative
Not worth your time or money. A forgettable and poorly made film that adds nothing to cinema.,Negative
Absolutely terrible. One of the worst movies I have ever had the misfortune of watching.,Highly Negative
A complete disaster from start to finish. The script was awful and the acting was unbearable.,Highly Negative
I cannot believe this movie was ever greenlit. A total waste of budget and talented people.,Highly Negative
"This film is an insult to cinema. Lazy writing, poor direction, and performances that embarrass everyone.",Highly Negative
Genuinely one of the worst films ever made. I wanted to leave after the first fifteen minutes.,Highly Negative
"A catastrophic failure on every level. Story, acting, direction, music — all were shockingly bad.",Highly Negative
This movie was painful to sit through. Every scene made me cringe and regret buying a ticket.,Highly Negative
"An absolute train wreck of a film. Incoherent plot, terrible pacing, and no redeeming qualities.",Highly Negative
I have never walked out of a cinema before but this film almost made me do it. Absolutely dreadful.,Highly Negative
Shockingly bad filmmaking. How this was approved for wide release is beyond my comprehension.,Highly Negative
This is cinematic torture. Every single element of this movie failed spectacularly and painfully.,Highly Negative
The worst movie of the year by a wide margin. A colossal failure that should be studied in film schools.,Highly Negative
I am genuinely angry I spent money on this. A disgraceful waste of time from an incompetent team.,Highly Negative
Absolutely unwatchable. The plot was nonsensical and the performances were laughably bad throughout.,Highly Negative
"This movie deserves every bit of criticism it receives. A boring, ugly, and pointless film.",Highly Negative
A humiliating misfire. The director and writers should be embarrassed by what they put on screen.,Highly Negative
I fell asleep twice trying to watch this and woke up hoping it would be over. It was not.,Highly Negative
"One of the most poorly crafted films I have ever encountered. Zero tension, zero heart, zero effort.",Highly Negative
"Terrible in every conceivable way. The film fails at storytelling, character, pacing, and emotion.",Highly Negative
A complete and utter disaster. This movie has no business existing. Avoid it at all costs.,Highly Negative
